{"T_ssfedf": [0.00699683, 0.012009, 0.0184627, 0.0300696, 0.0471315, 0.0751529, 0.119979, 0.192179, 0.309279, 0.493185, 0.792967, 1.28894, 2.1516], "T_bender": [0.00648517, 0.011079, 0.0170149, 0.0278969, 0.0434092, 0.0693069, 0.110494, 0.177461, 0.285401, 0.452457, 0.724391, 1.15963, 1.87633], "bender": [10.935, 11.7307, 12.4629, 13.3569, 14.339, 14.9464, 15.6306, 16.5557, 17.3863, 18.3272, 19.0165, 19.9088, 20.8148], "T_srpt": [0.000578733, 0.00101466, 0.00146062, 0.00233632, 0.00366285, 0.00587189, 0.0094256, 0.0152859, 0.0248675, 0.0396412, 0.0634278, 0.102497, 0.166269], "ssfedf": [1.28702, 1.3283, 1.36298, 1.401, 1.4339, 1.4736, 1.51399, 1.54935, 1.58334, 1.63992, 1.74717, 1.84178, 1.89455], "x": [100, 161, 259, 416, 667, 1068, 1710, 2737, 4380, 7009, 11216, 17947, 28716], "greedy": [1.59865, 1.65511, 1.6944, 1.73794, 1.7768, 1.81462, 1.85583, 1.89887, 1.94299, 1.99957, 2.0783, 2.1669, 2.30386], "T_greedy": [0.000501939, 0.000887795, 0.0013167, 0.0021307, 0.00338294, 0.00542056, 0.00866582, 0.0139461, 0.0224071, 0.0356784, 0.056838, 0.0911485, 0.148641], "srpt": [1.35516, 1.39409, 1.43511, 1.47309, 1.5124, 1.5467, 1.59742, 1.64177, 1.6973, 1.75656, 1.82357, 1.89871, 1.98035]}