{"T_bender": [0.00479269, 0.00770219, 0.012352, 0.0198861, 0.0321632, 0.051087, 0.0814266, 0.130018, 0.207761, 0.332735, 0.533638, 0.857144, 1.36695], "greedy": [2.0945, 2.25221, 2.43709, 2.64969, 2.97212, 3.18336, 3.43724, 3.86292, 4.23489, 4.77388, 5.43812, 6.03664, 6.99268], "ssfedf": [1.70783, 1.79039, 1.87172, 1.95086, 2.03865, 2.1295, 2.22045, 2.31315, 2.39811, 2.49791, 2.58799, 2.66785, 2.76398], "T_srpt": [0.000528307, 0.000832608, 0.0013213, 0.00212546, 0.00339395, 0.00540283, 0.00860918, 0.0137615, 0.0220691, 0.0357956, 0.0568779, 0.0916096, 0.146895], "T_greedy": [0.000391968, 0.000628285, 0.000988161, 0.00156624, 0.0025165, 0.00395358, 0.00623699, 0.0099502, 0.0158221, 0.0255273, 0.0403454, 0.0649905, 0.103551], "x": [100, 161, 259, 416, 667, 1068, 1710, 2737, 4380, 7009, 11216, 17947, 28716], "srpt": [1.74958, 1.83624, 1.93707, 2.02547, 2.12859, 2.20826, 2.3096, 2.44285, 2.55339, 2.66887, 2.78851, 2.92909, 3.0361], "T_ssfedf": [0.00561244, 0.00899692, 0.014462, 0.0232098, 0.0376475, 0.059566, 0.0947369, 0.151337, 0.2428, 0.388912, 0.624649, 1.00246, 1.59553], "bender": [11.4771, 13.7614, 16.4544, 20.0228, 24.0006, 28.3546, 32.724, 38.2071, 43.0115, 46.8576, 50.0522, 52.7506, 54.5734]}