{"T_bender": [0.0049729, 0.00833737, 0.0133245, 0.0204524, 0.0330048, 0.0528167, 0.0839531, 0.135031, 0.217358, 0.345453, 0.553205, 0.880347, 1.42942], "greedy": [1.91102, 2.06636, 2.21534, 2.43062, 2.60175, 2.80683, 3.05314, 3.28624, 3.48671, 3.76995, 4.24758, 4.68055, 4.96876], "T_srpt": [0.000811582, 0.00128317, 0.00210654, 0.00310285, 0.00507778, 0.00817941, 0.0129852, 0.0209141, 0.0339189, 0.0542397, 0.0876317, 0.139904, 0.227299], "bender": [2.61362, 2.77919, 2.94268, 3.12803, 3.34051, 3.47453, 3.63306, 3.83247, 4.01523, 4.21074, 4.37283, 4.57633, 4.77484], "ssfedf": [1.57244, 1.66524, 1.72456, 1.80104, 1.86676, 1.94392, 2.00341, 2.07287, 2.15593, 2.24447, 2.38966, 2.57668, 2.80189], "x": [100, 161, 259, 416, 667, 1068, 1710, 2737, 4380, 7009, 11216, 17947, 28716], "T_greedy": [0.000621611, 0.000976193, 0.00168945, 0.00239143, 0.00389262, 0.00631002, 0.0100213, 0.0159882, 0.0257098, 0.0408282, 0.0652278, 0.104054, 0.16621], "srpt": [1.62097, 1.72409, 1.78516, 1.87094, 1.9405, 2.016, 2.0693, 2.14527, 2.23166, 2.34636, 2.50653, 2.64787, 2.85022], "T_ssfedf": [0.00910413, 0.0151901, 0.0241631, 0.0369423, 0.0596609, 0.0953731, 0.151669, 0.243954, 0.392026, 0.623889, 0.999971, 1.58911, 2.63583]}