{"T_ssfedf": [0.0624483, 0.100167, 0.160132, 0.255419, 0.406535, 0.654803, 1.04064, 1.66243, 2.65687, 4.23455, 7.18718, 14.7837, 21.7603], "srpt": [1.82102, 1.91649, 2.00977, 2.11293, 2.21849, 2.32329, 2.43646, 2.56199, 2.66464, 2.77584, 2.91544, 3.03341, 3.16272], "bender": [11.7746, 14.1365, 16.9017, 20.5667, 24.433, 28.8351, 33.2148, 38.2123, 42.8554, 46.6638, 49.807, 52.5122, 54.3229], "ssfedf": [1.78367, 1.84991, 1.94327, 2.0293, 2.12427, 2.2171, 2.30104, 2.40822, 2.49506, 2.5913, 2.67308, 2.77445, 2.84536], "x": [100, 161, 259, 416, 667, 1068, 1710, 2737, 4380, 7009, 11216, 17947, 28716], "T_srpt": [0.0019847, 0.00318524, 0.00513624, 0.00831863, 0.0133622, 0.0214839, 0.034566, 0.0552689, 0.0887522, 0.142297, 0.240107, 0.486458, 0.719607], "greedy": [1.86858, 1.94818, 2.06236, 2.18619, 2.28742, 2.40957, 2.55109, 2.69511, 2.84042, 3.04796, 3.29383, 3.50712, 3.77285], "T_greedy": [0.00138713, 0.00210268, 0.00339815, 0.00545918, 0.00879001, 0.0140669, 0.022444, 0.0358275, 0.0575319, 0.091616, 0.156967, 0.332893, 0.487802], "T_bender": [0.0290374, 0.0471455, 0.0762602, 0.122126, 0.196316, 0.31662, 0.503924, 0.807478, 1.29256, 2.06382, 3.49434, 7.16628, 10.6394]}