{"T_bender": [0.00685259, 0.0111108, 0.0179246, 0.0298323, 0.0473771, 0.0738791, 0.118077, 0.188952, 0.304031, 0.483452, 0.772452, 1.23435, 1.99936], "srpt": [1.37839, 1.40877, 1.44116, 1.47266, 1.49704, 1.52457, 1.55039, 1.58122, 1.60785, 1.62943, 1.66261, 1.69077, 1.71635], "greedy": [1.74996, 1.80475, 1.84258, 1.87205, 1.89813, 1.91817, 1.93311, 1.94787, 1.96044, 1.9702, 1.98297, 1.99468, 2.01742], "T_ssfedf": [0.00712498, 0.0114348, 0.018551, 0.0307011, 0.0491268, 0.0766859, 0.122916, 0.19691, 0.317498, 0.507801, 0.811819, 1.30295, 2.11319], "ssfedf": [1.37947, 1.41546, 1.45127, 1.48134, 1.50889, 1.53657, 1.56163, 1.58305, 1.6085, 1.62826, 1.65364, 1.67847, 1.7015], "x": [100, 161, 259, 416, 667, 1068, 1710, 2737, 4380, 7009, 11216, 17947, 28716], "T_srpt": [0.000531135, 0.000872206, 0.0013618, 0.00221435, 0.00356406, 0.00564755, 0.00900877, 0.0145875, 0.0238234, 0.0381122, 0.0614696, 0.0978837, 0.158743], "T_greedy": [0.000485121, 0.000798864, 0.00128652, 0.00220618, 0.00362813, 0.00573208, 0.00918433, 0.0147364, 0.0237567, 0.0378195, 0.0603574, 0.0959241, 0.154046], "bender": [17.9272, 19.0967, 20.2493, 21.6976, 23.432, 24.4151, 25.5682, 27.1154, 28.306, 29.6727, 30.9584, 32.4601, 33.8606]}