{"T_srpt": [0.0350152, 0.0349753, 0.0335171, 0.0335596, 0.036668, 0.0368839, 0.0361623, 0.0366492, 0.037786, 0.0354349, 0.03463, 0.0352558, 0.0363539, 0.0365669, 0.0369743, 0.0418703, 0.0430079, 0.0430318, 0.0476171, 0.0492417, 0.049539, 0.0504963], "T_ssfedf": [0.400319, 0.389175, 0.380217, 0.379877, 0.417226, 0.414874, 0.402772, 0.403937, 0.412869, 0.376647, 0.363958, 0.359274, 0.364702, 0.362215, 0.371809, 0.414997, 0.438268, 0.444394, 0.500611, 0.495373, 0.495292, 0.486119], "x": [0.1, 0.125, 0.15625, 0.1953125, 0.244140625, 0.30517578125, 0.3814697265625, 0.476837158203125, 0.5960464477539062, 0.7450580596923828, 0.9313225746154785, 1.1641532182693481, 1.4551915228366852, 1.8189894035458565, 2.2737367544323206, 2.8421709430404007, 3.552713678800501, 4.440892098500626, 5.551115123125783, 6.938893903907228, 8.673617379884035, 10.842021724855044], "greedy": [1.95832, 1.95313, 1.95221, 1.94831, 1.95132, 1.94577, 1.93191, 1.93007, 1.92515, 1.9092, 1.91825, 1.97107, 2.1153, 2.33749, 2.58652, 2.83225, 3.0377, 3.20044, 3.29797, 3.39888, 3.44227, 3.51948], "srpt": [1.61099, 1.6135, 1.61381, 1.61602, 1.61534, 1.61852, 1.6198, 1.61825, 1.61578, 1.6196, 1.66172, 1.73909, 1.82168, 1.89467, 1.95616, 2.00017, 2.06361, 2.12258, 2.15886, 2.19504, 2.21549, 2.26002], "bender": [28.1449, 27.6474, 27.0473, 26.3323, 25.5203, 24.5869, 23.5226, 22.3084, 20.9453, 19.4754, 17.8851, 16.2261, 14.5593, 12.9242, 11.3585, 9.87073, 8.49205, 7.25191, 6.16593, 5.22042, 4.46578, 3.82978], "T_greedy": [0.0289471, 0.0290455, 0.0275083, 0.0273736, 0.0302934, 0.0299854, 0.0287322, 0.03001, 0.0285153, 0.0266649, 0.024931, 0.0248632, 0.0252345, 0.0248942, 0.0246074, 0.0270654, 0.0272685, 0.0270649, 0.0291438, 0.029937, 0.0299237, 0.0298722], "ssfedf": [1.59895, 1.59294, 1.58656, 1.57351, 1.56296, 1.55309, 1.53547, 1.5252, 1.506, 1.51035, 1.5562, 1.63578, 1.71411, 1.79293, 1.8634, 1.93118, 1.99782, 2.04881, 2.09511, 2.12049, 2.1323, 2.15308], "T_bender": [0.284311, 0.273567, 0.265521, 0.262859, 0.281927, 0.278071, 0.270702, 0.265353, 0.274355, 0.253206, 0.245292, 0.249125, 0.252304, 0.247972, 0.237078, 0.24644, 0.236808, 0.220894, 0.225805, 0.214171, 0.202788, 0.187096]}